record_id,pairing_status,video_path,video_status,fps,width,height,frame_count,duration_s,timestamp_source,strong_motion_paths,strong_motion_segments,strong_motion_samples,strong_motion_duration_s,pga_horizontal_vector_gal,pga_max_horizontal_component_gal,event_group,camera_id,site_id,scale_state
0,paired,${DATA_ROOT}/视频/0.avi,readable,49.652436,2448,2048,3742,75.36387539978904,container_constant_frame_rate_unverified_pts,${DATA_ROOT}/强震仪/0.txt,1,13600,135.99,67.93915071591637,51.459,0,unknown,shake_table_setup_unknown,UNCALIBRATED
1,missing_strong_motion,${DATA_ROOT}/视频/1.avi,readable,49.950052,2448,2048,1080,21.621599112649573,container_constant_frame_rate_unverified_pts,,0,0,0,nan,nan,1,unknown,shake_table_setup_unknown,UNCALIBRATED
2,paired,${DATA_ROOT}/视频/2.avi,readable,50.0,2448,2048,1690,33.8,container_constant_frame_rate_unverified_pts,${DATA_ROOT}/强震仪/2.txt,1,8600,85.99,54.60550101409198,50.175,2,unknown,shake_table_setup_unknown,UNCALIBRATED
3,paired,${DATA_ROOT}/视频/3.avi,readable,49.603172,2448,2048,2414,48.666242554004405,container_constant_frame_rate_unverified_pts,${DATA_ROOT}/强震仪/3.txt,1,5900,58.99,79.76975316496849,79.144,3,unknown,shake_table_setup_unknown,UNCALIBRATED
4,missing_strong_motion,${DATA_ROOT}/视频/4.avi,readable,49.950052,2448,2048,1681,33.65361861885549,container_constant_frame_rate_unverified_pts,,0,0,0,nan,nan,4,unknown,shake_table_setup_unknown,UNCALIBRATED
5,paired,${DATA_ROOT}/视频/5.avi,readable,50.0,2448,2048,4413,88.26,container_constant_frame_rate_unverified_pts,${DATA_ROOT}/强震仪/5.txt,1,10600,105.99,59.374971738940644,59.338,5,unknown,shake_table_setup_unknown,UNCALIBRATED
6,paired,${DATA_ROOT}/视频/6.avi,readable,49.950052,2448,2048,911,18.238219251503484,container_constant_frame_rate_unverified_pts,${DATA_ROOT}/强震仪/6.txt,1,11600,115.99,67.97952286534526,64.347,6,unknown,shake_table_setup_unknown,UNCALIBRATED
7,paired,${DATA_ROOT}/视频/7.avi,readable,50.0,2448,2048,6554,131.08,container_constant_frame_rate_unverified_pts,${DATA_ROOT}/强震仪/7.txt,1,6700,66.99,65.6669864163112,64.617,7,unknown,shake_table_setup_unknown,UNCALIBRATED
8,missing_strong_motion,${DATA_ROOT}/视频/8.avi,readable,50.0,2448,2048,1162,23.24,container_constant_frame_rate_unverified_pts,,0,0,0,nan,nan,8,unknown,shake_table_setup_unknown,UNCALIBRATED
9,missing_strong_motion,${DATA_ROOT}/视频/9.avi,readable,49.950052,2448,2048,1354,27.107078887525482,container_constant_frame_rate_unverified_pts,,0,0,0,nan,nan,9,unknown,shake_table_setup_unknown,UNCALIBRATED
10,paired,${DATA_ROOT}/视频/10.avi,readable,50.0,2448,2048,1657,33.14,container_constant_frame_rate_unverified_pts,${DATA_ROOT}/强震仪/10.txt,1,5900,58.99,99.71828406566169,97.969,10,unknown,shake_table_setup_unknown,UNCALIBRATED
11,paired,${DATA_ROOT}/视频/11.avi,readable,50.0,2448,2048,2794,55.88,container_constant_frame_rate_unverified_pts,${DATA_ROOT}/强震仪/11.txt,1,5600,55.99,101.02303149777282,77.333,11,unknown,shake_table_setup_unknown,UNCALIBRATED
12,paired,${DATA_ROOT}/视频/12.avi,readable,50.0,2448,2048,1984,39.68,container_constant_frame_rate_unverified_pts,${DATA_ROOT}/强震仪/12.txt,1,5600,55.99,88.43390802740768,88.117,12,unknown,shake_table_setup_unknown,UNCALIBRATED
13,missing_strong_motion,${DATA_ROOT}/视频/13.avi,readable,49.950052,2448,2048,1148,22.98295905677936,container_constant_frame_rate_unverified_pts,,0,0,0,nan,nan,13,unknown,shake_table_setup_unknown,UNCALIBRATED
14,paired,${DATA_ROOT}/视频/14.avi,readable,50.0,2448,2048,2016,40.32,container_constant_frame_rate_unverified_pts,${DATA_ROOT}/强震仪/14.txt,1,6400,63.99,88.11800381306875,84.136,14,unknown,shake_table_setup_unknown,UNCALIBRATED
15,missing_strong_motion,${DATA_ROOT}/视频/15.avi,readable,50.0,2448,2048,1184,23.68,container_constant_frame_rate_unverified_pts,,0,0,0,nan,nan,15,unknown,shake_table_setup_unknown,UNCALIBRATED
16,paired,${DATA_ROOT}/视频/16.avi,readable,50.0,2448,2048,1098,21.96,container_constant_frame_rate_unverified_pts,${DATA_ROOT}/强震仪/16.txt,1,11600,115.99,97.42822199958286,97.161,16,unknown,shake_table_setup_unknown,UNCALIBRATED
17,paired,${DATA_ROOT}/视频/17.avi,readable,49.950052,2448,2048,1229,24.604578990228077,container_constant_frame_rate_unverified_pts,${DATA_ROOT}/强震仪/17.txt,1,5700,56.99,91.18732343917108,89.62,17,unknown,shake_table_setup_unknown,UNCALIBRATED
18,missing_strong_motion,${DATA_ROOT}/视频/18.avi,readable,50.0,2448,2048,1861,37.22,container_constant_frame_rate_unverified_pts,,0,0,0,nan,nan,18,unknown,shake_table_setup_unknown,UNCALIBRATED
19,paired,${DATA_ROOT}/视频/19.avi,readable,49.950052,2448,2048,3773,75.53545690002485,container_constant_frame_rate_unverified_pts,${DATA_ROOT}/强震仪/19.txt,1,11600,115.99,85.8242395713472,82.707,19,unknown,shake_table_setup_unknown,UNCALIBRATED
20,missing_strong_motion,${DATA_ROOT}/视频/20.avi,readable,50.0,2448,2048,1773,35.46,container_constant_frame_rate_unverified_pts,,0,0,0,nan,nan,20,unknown,shake_table_setup_unknown,UNCALIBRATED
21,paired,${DATA_ROOT}/视频/21.avi,readable,49.950052,2448,2048,1139,22.802779064173947,container_constant_frame_rate_unverified_pts,${DATA_ROOT}/强震仪/21.txt,1,11600,115.99,61.49341371236435,60.967,21,unknown,shake_table_setup_unknown,UNCALIBRATED
22,paired,${DATA_ROOT}/视频/22.avi,readable,50.0,2448,2048,1302,26.04,container_constant_frame_rate_unverified_pts,${DATA_ROOT}/强震仪/22.txt,1,11600,115.99,99.3758228594863,99.28,22,unknown,shake_table_setup_unknown,UNCALIBRATED
23,paired,${DATA_ROOT}/视频/23.avi,readable,50.0,2448,2048,1159,23.18,container_constant_frame_rate_unverified_pts,${DATA_ROOT}/强震仪/23.txt,1,11600,115.99,125.07065731017808,124.798,23,unknown,shake_table_setup_unknown,UNCALIBRATED
24,paired,${DATA_ROOT}/视频/24.avi,readable,50.0,2448,2048,1684,33.68,container_constant_frame_rate_unverified_pts,${DATA_ROOT}/强震仪/24.txt,1,10100,100.99,104.35228375076417,89.032,24,unknown,shake_table_setup_unknown,UNCALIBRATED
25,paired,${DATA_ROOT}/视频/25.avi,readable,49.950052,2448,2048,1497,29.969938770033714,container_constant_frame_rate_unverified_pts,${DATA_ROOT}/强震仪/25.txt,1,9600,95.99,125.02002275235755,124.192,25,unknown,shake_table_setup_unknown,UNCALIBRATED
26,paired,${DATA_ROOT}/视频/26.avi,readable,50.0,2448,2048,1076,21.52,container_constant_frame_rate_unverified_pts,${DATA_ROOT}/强震仪/26.txt,1,5700,56.99,94.36506877547433,94.357,26,unknown,shake_table_setup_unknown,UNCALIBRATED
27,paired,${DATA_ROOT}/视频/27.avi,readable,49.950052,2448,2048,1763,35.29525855148259,container_constant_frame_rate_unverified_pts,${DATA_ROOT}/强震仪/27.txt,1,9600,95.99,75.00908651623482,70.804,27,unknown,shake_table_setup_unknown,UNCALIBRATED
28,paired,${DATA_ROOT}/视频/28.avi,readable,49.950052,2448,2048,1930,38.63859841427192,container_constant_frame_rate_unverified_pts,${DATA_ROOT}/强震仪/28.txt,1,10800,107.99,89.06381294891882,81.892,28,unknown,shake_table_setup_unknown,UNCALIBRATED
29,paired,${DATA_ROOT}/视频/29.avi,readable,50.0,2448,2048,2261,45.22,container_constant_frame_rate_unverified_pts,${DATA_ROOT}/强震仪/29.txt,1,11600,115.99,101.41448354648364,91.453,29,unknown,shake_table_setup_unknown,UNCALIBRATED
30,paired,${DATA_ROOT}/视频/30.avi,readable,50.0,2448,2048,1997,39.94,container_constant_frame_rate_unverified_pts,${DATA_ROOT}/强震仪/30.txt,1,9600,95.99,103.87549765464424,88.625,30,unknown,shake_table_setup_unknown,UNCALIBRATED
31,paired,${DATA_ROOT}/视频/31.avi,readable,50.0,2448,2048,2892,57.84,container_constant_frame_rate_unverified_pts,${DATA_ROOT}/强震仪/31.txt,1,10100,100.99,127.67646660602729,126.742,31,unknown,shake_table_setup_unknown,UNCALIBRATED
32,paired,${DATA_ROOT}/视频/32.avi,readable,49.504952,2448,2048,2010,40.601998765699236,container_constant_frame_rate_unverified_pts,${DATA_ROOT}/强震仪/32.txt,1,5900,58.99,169.96284627235448,168.637,32,unknown,shake_table_setup_unknown,UNCALIBRATED
33,paired,${DATA_ROOT}/视频/33.avi,readable,49.950052,2448,2048,2558,51.21115789829408,container_constant_frame_rate_unverified_pts,${DATA_ROOT}/强震仪/33.txt,1,6300,62.99,111.57383851512861,110.615,33,unknown,shake_table_setup_unknown,UNCALIBRATED
34,paired,${DATA_ROOT}/视频/34.avi,readable,50.0,2448,2048,3169,63.38,container_constant_frame_rate_unverified_pts,${DATA_ROOT}/强震仪/34.txt,1,6500,64.99,127.19290929922155,122.996,34,unknown,shake_table_setup_unknown,UNCALIBRATED
35,paired,${DATA_ROOT}/视频/35.avi,readable,49.950052,2448,2048,1547,30.970938728952675,container_constant_frame_rate_unverified_pts,${DATA_ROOT}/强震仪/35.txt,1,6100,60.99,142.4300157586174,140.083,35,unknown,shake_table_setup_unknown,UNCALIBRATED
36,missing_strong_motion,${DATA_ROOT}/视频/36.avi,readable,50.0,2448,2048,813,16.26,container_constant_frame_rate_unverified_pts,,0,0,0,nan,nan,36,unknown,shake_table_setup_unknown,UNCALIBRATED
37,paired,${DATA_ROOT}/视频/37.avi,readable,49.950052,2448,2048,2481,49.66961796155888,container_constant_frame_rate_unverified_pts,${DATA_ROOT}/强震仪/37.txt,1,11600,115.99,145.0745069300599,126.58,37,unknown,shake_table_setup_unknown,UNCALIBRATED
38,paired,${DATA_ROOT}/视频/38.avi,readable,50.0,2448,2048,2276,45.52,container_constant_frame_rate_unverified_pts,${DATA_ROOT}/强震仪/38.txt,1,6300,62.99,206.7541382899022,167.152,38,unknown,shake_table_setup_unknown,UNCALIBRATED
39,missing_strong_motion,${DATA_ROOT}/视频/39.avi,readable,50.0,2448,2048,2078,41.56,container_constant_frame_rate_unverified_pts,,0,0,0,nan,nan,39,unknown,shake_table_setup_unknown,UNCALIBRATED
40,paired,${DATA_ROOT}/视频/40.avi,readable,50.0,2448,2048,1288,25.76,container_constant_frame_rate_unverified_pts,${DATA_ROOT}/强震仪/40.txt,1,5800,57.99,120.30654536225367,119.253,40,unknown,shake_table_setup_unknown,UNCALIBRATED
41,paired,${DATA_ROOT}/视频/41.avi,readable,49.504952,2448,2048,1862,37.61239885658307,container_constant_frame_rate_unverified_pts,${DATA_ROOT}/强震仪/41.txt,1,5600,55.99,177.26123019995094,133.204,41,unknown,shake_table_setup_unknown,UNCALIBRATED
42,paired,${DATA_ROOT}/视频/42.avi,readable,48.951048,2448,2048,1170,23.901429035799193,container_constant_frame_rate_unverified_pts,${DATA_ROOT}/强震仪/42.txt,1,5800,57.99,164.3955821699598,163.249,42,unknown,shake_table_setup_unknown,UNCALIBRATED
43,paired,${DATA_ROOT}/视频/43.avi,readable,49.554,2448,2048,2260,45.60681276990757,container_constant_frame_rate_unverified_pts,${DATA_ROOT}/强震仪/43.txt,1,6600,65.99,162.17972268443427,152.495,43,unknown,shake_table_setup_unknown,UNCALIBRATED
44,paired,${DATA_ROOT}/视频/44.avi,readable,48.951048,2448,2048,1445,29.519286287803276,container_constant_frame_rate_unverified_pts,${DATA_ROOT}/强震仪/44.txt,1,5900,58.99,189.22669149197745,188.122,44,unknown,shake_table_setup_unknown,UNCALIBRATED
45,paired,${DATA_ROOT}/视频/45.avi,readable,49.504952,2448,2048,1609,32.50179901194531,container_constant_frame_rate_unverified_pts,${DATA_ROOT}/强震仪/45.txt,1,6300,62.99,145.88884441587712,140.914,45,unknown,shake_table_setup_unknown,UNCALIBRATED
46,paired,${DATA_ROOT}/视频/46.avi,readable,48.9022,2448,2048,5097,104.22843962030338,container_constant_frame_rate_unverified_pts,${DATA_ROOT}/强震仪/46.txt,1,11400,113.99,148.394101641541,140.601,46,unknown,shake_table_setup_unknown,UNCALIBRATED
47,paired,${DATA_ROOT}/视频/47.avi,readable,49.554,2448,2048,2022,40.803971425111996,container_constant_frame_rate_unverified_pts,${DATA_ROOT}/强震仪/47.txt,1,6000,59.99,176.80480888539205,173.829,47,unknown,shake_table_setup_unknown,UNCALIBRATED
48,paired,${DATA_ROOT}/视频/48.avi,readable,48.951048,2448,2048,877,17.91585749093666,container_constant_frame_rate_unverified_pts,${DATA_ROOT}/强震仪/48.txt,1,5900,58.99,217.87330032842482,208.54,48,unknown,shake_table_setup_unknown,UNCALIBRATED
49,paired,${DATA_ROOT}/视频/49.avi,readable,49.504952,2448,2048,2730,55.14599832356165,container_constant_frame_rate_unverified_pts,${DATA_ROOT}/强震仪/49.txt,1,7400,73.99,227.33893964079274,216.399,49,unknown,shake_table_setup_unknown,UNCALIBRATED
50,paired,${DATA_ROOT}/视频/50.avi,readable,49.554,2448,2048,1274,25.709327198611614,container_constant_frame_rate_unverified_pts,${DATA_ROOT}/强震仪/50.txt,1,6100,60.99,176.34025909303864,176.016,50,unknown,shake_table_setup_unknown,UNCALIBRATED
51,paired,${DATA_ROOT}/视频/51.avi,readable,50.0,2448,2048,2017,40.34,container_constant_frame_rate_unverified_pts,${DATA_ROOT}/强震仪/51.txt,1,6200,61.99,200.02586147296054,198.407,51,unknown,shake_table_setup_unknown,UNCALIBRATED
52,paired,${DATA_ROOT}/视频/52.avi,readable,50.0,2448,2048,3316,66.32,container_constant_frame_rate_unverified_pts,${DATA_ROOT}/强震仪/52.txt,1,11600,115.99,179.49781675831045,167.165,52,unknown,shake_table_setup_unknown,UNCALIBRATED
53,missing_strong_motion,${DATA_ROOT}/视频/53.avi,readable,50.0,2448,2048,2161,43.22,container_constant_frame_rate_unverified_pts,,0,0,0,nan,nan,53,unknown,shake_table_setup_unknown,UNCALIBRATED
54,paired_split_sensor,${DATA_ROOT}/视频/54.avi,readable,50.0,2448,2048,6238,124.76,container_constant_frame_rate_unverified_pts,${DATA_ROOT}/强震仪/54-1.txt|${DATA_ROOT}/强震仪/54-2.txt,2,13400,133.98,166.80958361257305,164.444,54,unknown,shake_table_setup_unknown,UNCALIBRATED
55,paired,${DATA_ROOT}/视频/55.avi,readable,50.0,2448,2048,8123,162.46,container_constant_frame_rate_unverified_pts,${DATA_ROOT}/强震仪/55.txt,1,14000,139.99,186.61247496617153,183.182,55,unknown,shake_table_setup_unknown,UNCALIBRATED
56,missing_strong_motion,${DATA_ROOT}/视频/56.avi,readable,50.0,2448,2048,2758,55.16,container_constant_frame_rate_unverified_pts,,0,0,0,nan,nan,56,unknown,shake_table_setup_unknown,UNCALIBRATED
57,paired,${DATA_ROOT}/视频/57.avi,readable,50.0,2448,2048,4031,80.62,container_constant_frame_rate_unverified_pts,${DATA_ROOT}/强震仪/57.txt,1,9200,91.99,230.66916825835222,229.431,57,unknown,shake_table_setup_unknown,UNCALIBRATED
58,paired,${DATA_ROOT}/视频/58.avi,readable,49.950052,2448,2048,1273,25.485458954076766,container_constant_frame_rate_unverified_pts,${DATA_ROOT}/强震仪/58.txt,1,5600,55.99,231.67473556044044,214.076,58,unknown,shake_table_setup_unknown,UNCALIBRATED
59,paired,${DATA_ROOT}/视频/59.avi,readable,50.0,2448,2048,2862,57.24,container_constant_frame_rate_unverified_pts,${DATA_ROOT}/强震仪/59.txt,1,6800,67.99,222.72729902730828,217.646,59,unknown,shake_table_setup_unknown,UNCALIBRATED
60,paired,${DATA_ROOT}/视频/60.avi,readable,49.950052,2448,2048,1768,35.395358547374485,container_constant_frame_rate_unverified_pts,${DATA_ROOT}/强震仪/60.txt,1,7000,69.99,281.9566343003832,267.249,60,unknown,shake_table_setup_unknown,UNCALIBRATED
61,paired,${DATA_ROOT}/视频/61.avi,readable,50.0,2448,2048,1034,20.68,container_constant_frame_rate_unverified_pts,${DATA_ROOT}/强震仪/61.txt,1,5600,55.99,227.97999387665578,227.942,61,unknown,shake_table_setup_unknown,UNCALIBRATED
62,paired,${DATA_ROOT}/视频/62.avi,readable,50.0,2448,2048,1849,36.98,container_constant_frame_rate_unverified_pts,${DATA_ROOT}/强震仪/62.txt,1,6700,66.99,193.0025342450197,178.354,62,unknown,shake_table_setup_unknown,UNCALIBRATED
63,paired,${DATA_ROOT}/视频/63.avi,readable,50.0,2448,2048,2317,46.34,container_constant_frame_rate_unverified_pts,${DATA_ROOT}/强震仪/63.txt,1,6800,67.99,289.8214340762256,279.763,63,unknown,shake_table_setup_unknown,UNCALIBRATED
64,paired,${DATA_ROOT}/视频/64.avi,readable,49.950052,2448,2048,1399,28.007978850552547,container_constant_frame_rate_unverified_pts,${DATA_ROOT}/强震仪/64.txt,1,5800,57.99,253.94893678257446,253.942,64,unknown,shake_table_setup_unknown,UNCALIBRATED
65,paired,${DATA_ROOT}/视频/65.avi,readable,50.0,2448,2048,1221,24.42,container_constant_frame_rate_unverified_pts,${DATA_ROOT}/强震仪/65.txt,1,6000,59.99,247.00926846173203,246.865,65,unknown,shake_table_setup_unknown,UNCALIBRATED
66,paired,${DATA_ROOT}/视频/66.avi,readable,50.0,2448,2048,1835,36.7,container_constant_frame_rate_unverified_pts,${DATA_ROOT}/强震仪/66.txt,1,5800,57.99,253.59444471241872,230.741,66,unknown,shake_table_setup_unknown,UNCALIBRATED
67,paired,${DATA_ROOT}/视频/67.avi,readable,49.950052,2448,2048,1871,37.45741846274755,container_constant_frame_rate_unverified_pts,${DATA_ROOT}/强震仪/67.txt,1,6200,61.99,313.56333088707936,263.106,67,unknown,shake_table_setup_unknown,UNCALIBRATED
68,paired,${DATA_ROOT}/视频/68.avi,readable,50.0,2448,2048,1827,36.54,container_constant_frame_rate_unverified_pts,${DATA_ROOT}/强震仪/68.txt,1,5800,57.99,244.69022742439063,242.734,68,unknown,shake_table_setup_unknown,UNCALIBRATED
69,paired,${DATA_ROOT}/视频/69.avi,readable,49.950052,2448,2048,1442,28.868838815222855,container_constant_frame_rate_unverified_pts,${DATA_ROOT}/强震仪/69.txt,1,6100,60.99,293.2268369709703,283.792,69,unknown,shake_table_setup_unknown,UNCALIBRATED
70,paired,${DATA_ROOT}/视频/70.avi,readable,50.0,2448,2048,2300,46.0,container_constant_frame_rate_unverified_pts,${DATA_ROOT}/强震仪/70.txt,1,6100,60.99,361.22832880326536,333.717,70,unknown,shake_table_setup_unknown,UNCALIBRATED
71,paired,${DATA_ROOT}/视频/71.avi,readable,50.0,2448,2048,1550,31.0,container_constant_frame_rate_unverified_pts,${DATA_ROOT}/强震仪/71.txt,1,7000,69.99,292.9189628634513,292.674,71,unknown,shake_table_setup_unknown,UNCALIBRATED
72,paired,${DATA_ROOT}/视频/72.avi,readable,49.950052,2448,2048,3606,72.19211703723552,container_constant_frame_rate_unverified_pts,${DATA_ROOT}/强震仪/72.txt,1,9200,91.99,239.16804494120865,224.94,72,unknown,shake_table_setup_unknown,UNCALIBRATED
74,paired_split_sensor,${DATA_ROOT}/视频/74.avi,readable,50.0,2448,2048,11011,220.22,container_constant_frame_rate_unverified_pts,${DATA_ROOT}/强震仪/74-1.txt|${DATA_ROOT}/强震仪/74-2.txt,2,23600,235.98000000000002,343.35759798787035,308.06,74,unknown,shake_table_setup_unknown,UNCALIBRATED
75,paired,${DATA_ROOT}/视频/75.avi,readable,49.950052,2448,2048,2076,41.56151829431529,container_constant_frame_rate_unverified_pts,${DATA_ROOT}/强震仪/75.txt,1,6300,62.99,342.87774103898903,341.966,75,unknown,shake_table_setup_unknown,UNCALIBRATED
76,paired,${DATA_ROOT}/视频/76.avi,readable,50.0,2448,2048,4525,90.5,container_constant_frame_rate_unverified_pts,${DATA_ROOT}/强震仪/76.txt,1,8000,79.99,300.83724076151213,297.35,76,unknown,shake_table_setup_unknown,UNCALIBRATED
78,paired,${DATA_ROOT}/视频/78.avi,readable,50.0,2448,2048,10197,203.94,container_constant_frame_rate_unverified_pts,${DATA_ROOT}/强震仪/78.txt,1,13400,133.99,373.9356391466318,345.852,78,unknown,shake_table_setup_unknown,UNCALIBRATED
79,paired,${DATA_ROOT}/视频/79.avi,readable,49.950052,2448,2048,2315,46.34629809794793,container_constant_frame_rate_unverified_pts,${DATA_ROOT}/强震仪/79.txt,1,5600,55.99,383.61248949949476,376.258,79,unknown,shake_table_setup_unknown,UNCALIBRATED
81,paired,${DATA_ROOT}/视频/81.avi,readable,50.0,2448,2048,2810,56.2,container_constant_frame_rate_unverified_pts,${DATA_ROOT}/强震仪/81.txt,1,7500,74.99,371.73389057900005,370.878,81,unknown,shake_table_setup_unknown,UNCALIBRATED
82,paired,${DATA_ROOT}/视频/82.avi,readable,50.0,2448,2048,5131,102.62,container_constant_frame_rate_unverified_pts,${DATA_ROOT}/强震仪/82.txt,1,8300,82.99,317.32887846207757,317.075,82,unknown,shake_table_setup_unknown,UNCALIBRATED
83,paired,${DATA_ROOT}/视频/83.avi,readable,50.0,2448,2048,2641,52.82,container_constant_frame_rate_unverified_pts,${DATA_ROOT}/强震仪/83.txt,1,7000,69.99,349.5029951516868,322.411,83,unknown,shake_table_setup_unknown,UNCALIBRATED
84,paired,${DATA_ROOT}/视频/84.avi,readable,50.0,2448,2048,1831,36.62,container_constant_frame_rate_unverified_pts,${DATA_ROOT}/强震仪/84.txt,1,5900,58.99,402.02150517727284,401.24,84,unknown,shake_table_setup_unknown,UNCALIBRATED
85,paired,${DATA_ROOT}/视频/85.avi,readable,50.0,2448,2048,2675,53.5,container_constant_frame_rate_unverified_pts,${DATA_ROOT}/强震仪/85.txt,1,6100,60.99,411.80734932368557,356.345,85,unknown,shake_table_setup_unknown,UNCALIBRATED
2_small,missing_strong_motion,${DATA_ROOT}/视频/2_small.avi,readable,50.0,612,512,1690,33.8,container_constant_frame_rate_unverified_pts,,0,0,0,nan,nan,2_small,unknown,shake_table_setup_unknown,UNCALIBRATED
34_1,paired,${DATA_ROOT}/视频/34_1.avi,readable,50.0,2448,2048,3799,75.98,container_constant_frame_rate_unverified_pts,${DATA_ROOT}/强震仪/34_1.txt,1,8600,85.99,141.14173677548396,140.918,34_1,unknown,shake_table_setup_unknown,UNCALIBRATED
51q,paired,${DATA_ROOT}/视频/51q.avi,readable,50.0,2448,2048,3770,75.4,container_constant_frame_rate_unverified_pts,${DATA_ROOT}/强震仪/51q.txt,1,11600,115.99,75.90848176587383,54.498,51q,unknown,shake_table_setup_unknown,UNCALIBRATED
63qgaussy,paired,${DATA_ROOT}/视频/63qgaussy.avi,readable,50.0,2448,2048,3766,75.32,container_constant_frame_rate_unverified_pts,${DATA_ROOT}/强震仪/63qgaussy.txt,1,11600,115.99,54.266819521692994,54.25,63qgaussy,unknown,shake_table_setup_unknown,UNCALIBRATED
68qgaussy,paired,${DATA_ROOT}/视频/68qgaussy.avi,readable,50.0,2448,2048,3743,74.86,container_constant_frame_rate_unverified_pts,${DATA_ROOT}/强震仪/68qgaussy.txt,1,11600,115.99,47.28010584802027,47.24,68qgaussy,unknown,shake_table_setup_unknown,UNCALIBRATED
final_env,paired,${DATA_ROOT}/视频/final_env.avi,readable,49.950052,2448,2048,10514,210.49027136147927,container_constant_frame_rate_unverified_pts,${DATA_ROOT}/强震仪/final_env.txt,1,23600,235.99,0.32112614343899193,0.279,final_env,unknown,shake_table_setup_unknown,UNCALIBRATED
gaussx,paired,${DATA_ROOT}/视频/gaussx.avi,readable,49.950052,2448,2048,4235,84.78469652043606,container_constant_frame_rate_unverified_pts,${DATA_ROOT}/强震仪/gaussx.txt,1,11600,115.99,44.97636681636257,44.944,gaussx,unknown,shake_table_setup_unknown,UNCALIBRATED
gaussxy,paired,${DATA_ROOT}/视频/gaussxy.avi,readable,50.0,2448,2048,4295,85.9,container_constant_frame_rate_unverified_pts,${DATA_ROOT}/强震仪/gaussxy.txt,1,11600,115.99,68.63861435081569,53.654,gaussxy,unknown,shake_table_setup_unknown,UNCALIBRATED
gaussxyz,paired,${DATA_ROOT}/视频/gaussxyz.avi,readable,49.950052,2448,2048,4348,87.0469564275929,container_constant_frame_rate_unverified_pts,${DATA_ROOT}/强震仪/gaussxyz.txt,1,11600,115.99,82.53275079627481,62.823,gaussxyz,unknown,shake_table_setup_unknown,UNCALIBRATED
gaussy,paired,${DATA_ROOT}/视频/gaussy.avi,readable,50.0,2448,2048,4100,82.0,container_constant_frame_rate_unverified_pts,${DATA_ROOT}/强震仪/gaussy.txt,1,11600,115.99,50.50152838281233,50.495,gaussy,unknown,shake_table_setup_unknown,UNCALIBRATED
gaussz,paired,${DATA_ROOT}/视频/gaussz.avi,readable,50.0,2448,2048,4849,96.98,container_constant_frame_rate_unverified_pts,${DATA_ROOT}/强震仪/gaussz.txt,1,11600,115.99,6.357708549469691,5.591,gaussz,unknown,shake_table_setup_unknown,UNCALIBRATED
